source,mode,threshold,reference_steps,R_final,t0.25,t0.5,t0.75,t0.9
results/prebeam/supplied_scout,bounded_staleness_tau1_seed101,0.1,128,31,12.0,32.0,46.0,54.0
results/prebeam/supplied_scout,bounded_staleness_tau1_seed101,0.1,256,31,12.0,30.0,46.0,52.0
results/prebeam/supplied_scout,bounded_staleness_tau1_seed101,0.25,128,31,16.0,34.0,52.0,60.0
results/prebeam/supplied_scout,bounded_staleness_tau1_seed101,0.25,256,31,14.0,32.0,50.0,58.0
results/prebeam/supplied_scout,bounded_staleness_tau1_seed101,0.5,128,15,20.0,,,
results/prebeam/supplied_scout,bounded_staleness_tau1_seed101,0.5,256,26,18.0,36.0,58.0,
results/prebeam/supplied_scout,bounded_staleness_tau1_seed101,0.75,128,2,,,,
results/prebeam/supplied_scout,bounded_staleness_tau1_seed101,0.75,256,15,20.0,,,
results/prebeam/supplied_scout,bounded_staleness_tau4_seed101,0.1,128,31,12.0,30.0,46.0,54.0
results/prebeam/supplied_scout,bounded_staleness_tau4_seed101,0.1,256,31,12.0,30.0,46.0,54.0
results/prebeam/supplied_scout,bounded_staleness_tau4_seed101,0.25,128,31,16.0,34.0,52.0,60.0
results/prebeam/supplied_scout,bounded_staleness_tau4_seed101,0.25,256,31,14.0,32.0,50.0,58.0
results/prebeam/supplied_scout,bounded_staleness_tau4_seed101,0.5,128,15,20.0,,,
results/prebeam/supplied_scout,bounded_staleness_tau4_seed101,0.5,256,26,18.0,36.0,58.0,
results/prebeam/supplied_scout,bounded_staleness_tau4_seed101,0.75,128,2,,,,
results/prebeam/supplied_scout,bounded_staleness_tau4_seed101,0.75,256,15,20.0,52.0,,
results/prebeam/supplied_scout,bounded_staleness_tau8_seed101,0.1,128,31,12.0,32.0,48.0,54.0
results/prebeam/supplied_scout,bounded_staleness_tau8_seed101,0.1,256,31,12.0,30.0,46.0,54.0
results/prebeam/supplied_scout,bounded_staleness_tau8_seed101,0.25,128,31,16.0,34.0,52.0,60.0
results/prebeam/supplied_scout,bounded_staleness_tau8_seed101,0.25,256,31,14.0,32.0,50.0,60.0
results/prebeam/supplied_scout,bounded_staleness_tau8_seed101,0.5,128,15,20.0,56.0,,
results/prebeam/supplied_scout,bounded_staleness_tau8_seed101,0.5,256,25,18.0,36.0,58.0,
results/prebeam/supplied_scout,bounded_staleness_tau8_seed101,0.75,128,2,,,,
results/prebeam/supplied_scout,bounded_staleness_tau8_seed101,0.75,256,15,20.0,52.0,,
results/prebeam/supplied_scout,fully_async_local_tau4_h1_seed101,0.1,128,25,18.0,40.0,62.0,
results/prebeam/supplied_scout,fully_async_local_tau4_h1_seed101,0.1,256,26,14.0,40.0,62.0,
results/prebeam/supplied_scout,fully_async_local_tau4_h1_seed101,0.25,128,22,20.0,42.0,,
results/prebeam/supplied_scout,fully_async_local_tau4_h1_seed101,0.25,256,22,18.0,42.0,,
results/prebeam/supplied_scout,fully_async_local_tau4_h1_seed101,0.5,128,17,34.0,60.0,,
results/prebeam/supplied_scout,fully_async_local_tau4_h1_seed101,0.5,256,18,20.0,46.0,,
results/prebeam/supplied_scout,fully_async_local_tau4_h1_seed101,0.75,128,3,,,,
results/prebeam/supplied_scout,fully_async_local_tau4_h1_seed101,0.75,256,16,30.0,58.0,,
results/prebeam/supplied_scout,heterogeneous_rates_h0.5_seed101,0.1,128,31,12.0,36.0,50.0,56.0
results/prebeam/supplied_scout,heterogeneous_rates_h0.5_seed101,0.1,256,31,10.0,30.0,48.0,56.0
results/prebeam/supplied_scout,heterogeneous_rates_h0.5_seed101,0.25,128,30,16.0,38.0,54.0,64.0
results/prebeam/supplied_scout,heterogeneous_rates_h0.5_seed101,0.25,256,30,14.0,36.0,54.0,62.0
results/prebeam/supplied_scout,heterogeneous_rates_h0.5_seed101,0.5,128,13,22.0,44.0,,
results/prebeam/supplied_scout,heterogeneous_rates_h0.5_seed101,0.5,256,25,18.0,38.0,60.0,
results/prebeam/supplied_scout,heterogeneous_rates_h0.5_seed101,0.75,128,1,,,,
results/prebeam/supplied_scout,heterogeneous_rates_h0.5_seed101,0.75,256,17,20.0,44.0,,
results/prebeam/supplied_scout,heterogeneous_rates_h1.5_seed101,0.1,128,18,20.0,44.0,,
results/prebeam/supplied_scout,heterogeneous_rates_h1.5_seed101,0.1,256,18,18.0,42.0,,
results/prebeam/supplied_scout,heterogeneous_rates_h1.5_seed101,0.25,128,18,24.0,46.0,,
results/prebeam/supplied_scout,heterogeneous_rates_h1.5_seed101,0.25,256,18,22.0,44.0,,
results/prebeam/supplied_scout,heterogeneous_rates_h1.5_seed101,0.5,128,6,26.0,,,
results/prebeam/supplied_scout,heterogeneous_rates_h1.5_seed101,0.5,256,13,24.0,50.0,,
results/prebeam/supplied_scout,heterogeneous_rates_h1.5_seed101,0.75,128,6,32.0,,,
results/prebeam/supplied_scout,heterogeneous_rates_h1.5_seed101,0.75,256,7,26.0,,,
results/prebeam/supplied_scout,random_block_b4_seed101,0.1,128,31,12.0,28.0,46.0,54.0
results/prebeam/supplied_scout,random_block_b4_seed101,0.1,256,31,12.0,26.0,46.0,54.0
results/prebeam/supplied_scout,random_block_b4_seed101,0.25,128,31,16.0,34.0,50.0,60.0
results/prebeam/supplied_scout,random_block_b4_seed101,0.25,256,31,16.0,30.0,48.0,58.0
results/prebeam/supplied_scout,random_block_b4_seed101,0.5,128,21,18.0,58.0,,
results/prebeam/supplied_scout,random_block_b4_seed101,0.5,256,26,16.0,38.0,56.0,
results/prebeam/supplied_scout,random_block_b4_seed101,0.75,128,2,,,,
results/prebeam/supplied_scout,random_block_b4_seed101,0.75,256,17,18.0,56.0,,
results/prebeam/supplied_scout,random_block_b8_seed101,0.1,128,31,16.0,32.0,46.0,56.0
results/prebeam/supplied_scout,random_block_b8_seed101,0.1,256,31,16.0,32.0,46.0,54.0
results/prebeam/supplied_scout,random_block_b8_seed101,0.25,128,30,18.0,36.0,54.0,62.0
results/prebeam/supplied_scout,random_block_b8_seed101,0.25,256,31,16.0,32.0,52.0,62.0
results/prebeam/supplied_scout,random_block_b8_seed101,0.5,128,14,24.0,,,
results/prebeam/supplied_scout,random_block_b8_seed101,0.5,256,23,20.0,40.0,,
results/prebeam/supplied_scout,random_block_b8_seed101,0.75,128,2,,,,
results/prebeam/supplied_scout,random_block_b8_seed101,0.75,256,15,22.0,,,
results/prebeam/supplied_scout,random_coordinate_seed101,0.1,128,31,12.0,32.0,46.0,52.0
results/prebeam/supplied_scout,random_coordinate_seed101,0.1,256,31,12.0,30.0,46.0,52.0
results/prebeam/supplied_scout,random_coordinate_seed101,0.25,128,31,16.0,34.0,52.0,58.0
results/prebeam/supplied_scout,random_coordinate_seed101,0.25,256,31,14.0,32.0,50.0,58.0
results/prebeam/supplied_scout,random_coordinate_seed101,0.5,128,15,20.0,,,
results/prebeam/supplied_scout,random_coordinate_seed101,0.5,256,26,18.0,36.0,58.0,
results/prebeam/supplied_scout,random_coordinate_seed101,0.75,128,2,,,,
results/prebeam/supplied_scout,random_coordinate_seed101,0.75,256,15,20.0,54.0,,
results/prebeam/supplied_scout,sync,0.1,128,31,14.0,30.0,46.0,54.0
results/prebeam/supplied_scout,sync,0.1,256,31,14.0,28.0,44.0,54.0
results/prebeam/supplied_scout,sync,0.25,128,31,18.0,34.0,52.0,60.0
results/prebeam/supplied_scout,sync,0.25,256,31,16.0,32.0,50.0,60.0
results/prebeam/supplied_scout,sync,0.5,128,15,24.0,,,
results/prebeam/supplied_scout,sync,0.5,256,24,18.0,38.0,64.0,
results/prebeam/supplied_scout,sync,0.75,128,2,,,,
results/prebeam/supplied_scout,sync,0.75,256,15,22.0,,,
results/prebeam/scout/depth32_seed0,bounded_staleness_tau0_seed101,0.1,128,31,12.0,32.0,46.0,52.0
results/prebeam/scout/depth32_seed0,bounded_staleness_tau0_seed101,0.1,256,31,12.0,30.0,46.0,52.0
results/prebeam/scout/depth32_seed0,bounded_staleness_tau0_seed101,0.25,128,31,16.0,34.0,52.0,58.0
results/prebeam/scout/depth32_seed0,bounded_staleness_tau0_seed101,0.25,256,31,14.0,32.0,50.0,58.0
results/prebeam/scout/depth32_seed0,bounded_staleness_tau0_seed101,0.5,128,15,20.0,,,
results/prebeam/scout/depth32_seed0,bounded_staleness_tau0_seed101,0.5,256,26,18.0,36.0,58.0,
results/prebeam/scout/depth32_seed0,bounded_staleness_tau0_seed101,0.75,128,2,,,,
results/prebeam/scout/depth32_seed0,bounded_staleness_tau0_seed101,0.75,256,15,20.0,54.0,,
results/prebeam/scout/depth32_seed0,bounded_staleness_tau16_seed101,0.1,128,31,12.0,32.0,48.0,56.0
results/prebeam/scout/depth32_seed0,bounded_staleness_tau16_seed101,0.1,256,31,12.0,30.0,48.0,54.0
results/prebeam/scout/depth32_seed0,bounded_staleness_tau16_seed101,0.25,128,31,16.0,34.0,54.0,64.0
results/prebeam/scout/depth32_seed0,bounded_staleness_tau16_seed101,0.25,256,31,16.0,34.0,52.0,62.0
results/prebeam/scout/depth32_seed0,bounded_staleness_tau16_seed101,0.5,128,15,20.0,,,
results/prebeam/scout/depth32_seed0,bounded_staleness_tau16_seed101,0.5,256,24,18.0,36.0,60.0,
results/prebeam/scout/depth32_seed0,bounded_staleness_tau16_seed101,0.75,128,2,,,,
results/prebeam/scout/depth32_seed0,bounded_staleness_tau16_seed101,0.75,256,15,20.0,,,
results/prebeam/scout/depth32_seed0,bounded_staleness_tau31_seed101,0.1,128,31,14.0,32.0,50.0,58.0
results/prebeam/scout/depth32_seed0,bounded_staleness_tau31_seed101,0.1,256,31,12.0,32.0,48.0,58.0
results/prebeam/scout/depth32_seed0,bounded_staleness_tau31_seed101,0.25,128,28,18.0,36.0,56.0,64.0
results/prebeam/scout/depth32_seed0,bounded_staleness_tau31_seed101,0.25,256,28,16.0,34.0,54.0,64.0
results/prebeam/scout/depth32_seed0,bounded_staleness_tau31_seed101,0.5,128,14,20.0,,,
results/prebeam/scout/depth32_seed0,bounded_staleness_tau31_seed101,0.5,256,24,18.0,38.0,62.0,
results/prebeam/scout/depth32_seed0,bounded_staleness_tau31_seed101,0.75,128,3,,,,
results/prebeam/scout/depth32_seed0,bounded_staleness_tau31_seed101,0.75,256,15,20.0,,,
results/prebeam/scout/depth32_seed0,bounded_staleness_tau62_seed101,0.1,128,28,16.0,34.0,52.0,62.0
results/prebeam/scout/depth32_seed0,bounded_staleness_tau62_seed101,0.1,256,29,14.0,32.0,52.0,62.0
results/prebeam/scout/depth32_seed0,bounded_staleness_tau62_seed101,0.25,128,27,18.0,36.0,58.0,
results/prebeam/scout/depth32_seed0,bounded_staleness_tau62_seed101,0.25,256,27,16.0,34.0,56.0,
results/prebeam/scout/depth32_seed0,bounded_staleness_tau62_seed101,0.5,128,14,22.0,,,
results/prebeam/scout/depth32_seed0,bounded_staleness_tau62_seed101,0.5,256,20,18.0,40.0,,
results/prebeam/scout/depth32_seed0,bounded_staleness_tau62_seed101,0.75,128,3,,,,
results/prebeam/scout/depth32_seed0,bounded_staleness_tau62_seed101,0.75,256,14,20.0,,,
results/prebeam/scout/depth32_seed0,bounded_staleness_tau8_seed101,0.1,128,31,12.0,32.0,48.0,54.0
results/prebeam/scout/depth32_seed0,bounded_staleness_tau8_seed101,0.1,256,31,12.0,30.0,46.0,54.0
results/prebeam/scout/depth32_seed0,bounded_staleness_tau8_seed101,0.25,128,31,16.0,34.0,52.0,60.0
results/prebeam/scout/depth32_seed0,bounded_staleness_tau8_seed101,0.25,256,31,14.0,32.0,50.0,60.0
results/prebeam/scout/depth32_seed0,bounded_staleness_tau8_seed101,0.5,128,15,20.0,56.0,,
results/prebeam/scout/depth32_seed0,bounded_staleness_tau8_seed101,0.5,256,25,18.0,36.0,58.0,
results/prebeam/scout/depth32_seed0,bounded_staleness_tau8_seed101,0.75,128,2,,,,
results/prebeam/scout/depth32_seed0,bounded_staleness_tau8_seed101,0.75,256,15,20.0,52.0,,
results/prebeam/scout/depth32_seed0,forward_ordered_sweep_seed101,0.1,128,31,14.0,28.0,42.0,48.0
results/prebeam/scout/depth32_seed0,forward_ordered_sweep_seed101,0.1,256,31,12.0,26.0,40.0,48.0
results/prebeam/scout/depth32_seed0,forward_ordered_sweep_seed101,0.25,128,31,16.0,30.0,46.0,54.0
results/prebeam/scout/depth32_seed0,forward_ordered_sweep_seed101,0.25,256,31,14.0,28.0,44.0,52.0
results/prebeam/scout/depth32_seed0,forward_ordered_sweep_seed101,0.5,128,18,20.0,60.0,,
results/prebeam/scout/depth32_seed0,forward_ordered_sweep_seed101,0.5,256,31,16.0,32.0,54.0,60.0
results/prebeam/scout/depth32_seed0,forward_ordered_sweep_seed101,0.75,128,2,,,,
results/prebeam/scout/depth32_seed0,forward_ordered_sweep_seed101,0.75,256,16,18.0,60.0,,
results/prebeam/scout/depth32_seed0,fully_async_local_tau0_h0_seed101,0.1,128,31,10.0,30.0,40.0,50.0
results/prebeam/scout/depth32_seed0,fully_async_local_tau0_h0_seed101,0.1,256,31,10.0,26.0,38.0,50.0
results/prebeam/scout/depth32_seed0,fully_async_local_tau0_h0_seed101,0.25,128,31,10.0,34.0,44.0,52.0
results/prebeam/scout/depth32_seed0,fully_async_local_tau0_h0_seed101,0.25,256,31,10.0,30.0,42.0,52.0
results/prebeam/scout/depth32_seed0,fully_async_local_tau0_h0_seed101,0.5,128,5,16.0,,,
results/prebeam/scout/depth32_seed0,fully_async_local_tau0_h0_seed101,0.5,256,31,12.0,34.0,46.0,60.0
results/prebeam/scout/depth32_seed0,fully_async_local_tau0_h0_seed101,0.75,128,2,,,,
results/prebeam/scout/depth32_seed0,fully_async_local_tau0_h0_seed101,0.75,256,6,16.0,50.0,,
results/prebeam/scout/depth32_seed0,fully_async_local_tau31_h0_seed101,0.1,128,31,10.0,30.0,42.0,50.0
results/prebeam/scout/depth32_seed0,fully_async_local_tau31_h0_seed101,0.1,256,31,10.0,30.0,42.0,50.0
results/prebeam/scout/depth32_seed0,fully_async_local_tau31_h0_seed101,0.25,128,31,10.0,30.0,44.0,52.0
results/prebeam/scout/depth32_seed0,fully_async_local_tau31_h0_seed101,0.25,256,31,10.0,30.0,42.0,52.0
results/prebeam/scout/depth32_seed0,fully_async_local_tau31_h0_seed101,0.5,128,19,12.0,60.0,,
results/prebeam/scout/depth32_seed0,fully_async_local_tau31_h0_seed101,0.5,256,23,10.0,34.0,46.0,52.0
results/prebeam/scout/depth32_seed0,fully_async_local_tau31_h0_seed101,0.75,128,2,,,,
results/prebeam/scout/depth32_seed0,fully_async_local_tau31_h0_seed101,0.75,256,17,10.0,56.0,,
results/prebeam/scout/depth32_seed0,fully_async_local_tau8_h0.5_seed101,0.1,128,31,10.0,28.0,42.0,48.0
results/prebeam/scout/depth32_seed0,fully_async_local_tau8_h0.5_seed101,0.1,256,31,10.0,28.0,40.0,48.0
results/prebeam/scout/depth32_seed0,fully_async_local_tau8_h0.5_seed101,0.25,128,31,10.0,36.0,50.0,56.0
results/prebeam/scout/depth32_seed0,fully_async_local_tau8_h0.5_seed101,0.25,256,31,10.0,36.0,46.0,54.0
results/prebeam/scout/depth32_seed0,fully_async_local_tau8_h0.5_seed101,0.5,128,11,18.0,,,
results/prebeam/scout/depth32_seed0,fully_async_local_tau8_h0.5_seed101,0.5,256,29,12.0,36.0,54.0,64.0
results/prebeam/scout/depth32_seed0,fully_async_local_tau8_h0.5_seed101,0.75,128,3,,,,
results/prebeam/scout/depth32_seed0,fully_async_local_tau8_h0.5_seed101,0.75,256,13,18.0,,,
results/prebeam/scout/depth32_seed0,fully_async_local_tau8_h0_seed101,0.1,128,31,10.0,30.0,42.0,50.0
results/prebeam/scout/depth32_seed0,fully_async_local_tau8_h0_seed101,0.1,256,31,10.0,26.0,42.0,50.0
results/prebeam/scout/depth32_seed0,fully_async_local_tau8_h0_seed101,0.25,128,31,10.0,34.0,44.0,52.0
results/prebeam/scout/depth32_seed0,fully_async_local_tau8_h0_seed101,0.25,256,31,10.0,30.0,42.0,52.0
results/prebeam/scout/depth32_seed0,fully_async_local_tau8_h0_seed101,0.5,128,5,16.0,,,
results/prebeam/scout/depth32_seed0,fully_async_local_tau8_h0_seed101,0.5,256,31,10.0,34.0,46.0,52.0
results/prebeam/scout/depth32_seed0,fully_async_local_tau8_h0_seed101,0.75,128,2,,,,
results/prebeam/scout/depth32_seed0,fully_async_local_tau8_h0_seed101,0.75,256,6,16.0,50.0,,
results/prebeam/scout/depth32_seed0,random_block_b24_seed101,0.1,128,31,14.0,30.0,46.0,54.0
results/prebeam/scout/depth32_seed0,random_block_b24_seed101,0.1,256,31,12.0,30.0,46.0,54.0
results/prebeam/scout/depth32_seed0,random_block_b24_seed101,0.25,128,31,16.0,34.0,52.0,60.0
results/prebeam/scout/depth32_seed0,random_block_b24_seed101,0.25,256,31,14.0,32.0,50.0,58.0
results/prebeam/scout/depth32_seed0,random_block_b24_seed101,0.5,128,16,22.0,50.0,,
results/prebeam/scout/depth32_seed0,random_block_b24_seed101,0.5,256,25,16.0,36.0,62.0,
results/prebeam/scout/depth32_seed0,random_block_b24_seed101,0.75,128,2,,,,
results/prebeam/scout/depth32_seed0,random_block_b24_seed101,0.75,256,15,20.0,50.0,,
results/prebeam/scout/depth32_seed0,random_permutation_seed101,0.1,128,31,12.0,26.0,40.0,48.0
results/prebeam/scout/depth32_seed0,random_permutation_seed101,0.1,256,31,12.0,24.0,40.0,48.0
results/prebeam/scout/depth32_seed0,random_permutation_seed101,0.25,128,31,16.0,32.0,48.0,54.0
results/prebeam/scout/depth32_seed0,random_permutation_seed101,0.25,256,31,14.0,28.0,46.0,54.0
results/prebeam/scout/depth32_seed0,random_permutation_seed101,0.5,128,18,22.0,62.0,,
results/prebeam/scout/depth32_seed0,random_permutation_seed101,0.5,256,31,16.0,34.0,58.0,60.0
results/prebeam/scout/depth32_seed0,random_permutation_seed101,0.75,128,2,,,,
results/prebeam/scout/depth32_seed0,random_permutation_seed101,0.75,256,16,20.0,62.0,,
results/prebeam/scout/depth32_seed0,reverse_ordered_sweep_seed101,0.1,128,31,12.0,26.0,40.0,46.0
results/prebeam/scout/depth32_seed0,reverse_ordered_sweep_seed101,0.1,256,31,10.0,24.0,38.0,46.0
results/prebeam/scout/depth32_seed0,reverse_ordered_sweep_seed101,0.25,128,31,16.0,32.0,46.0,52.0
results/prebeam/scout/depth32_seed0,reverse_ordered_sweep_seed101,0.25,256,31,14.0,28.0,44.0,52.0
results/prebeam/scout/depth32_seed0,reverse_ordered_sweep_seed101,0.5,128,31,22.0,60.0,64.0,64.0
results/prebeam/scout/depth32_seed0,reverse_ordered_sweep_seed101,0.5,256,31,16.0,34.0,56.0,60.0
results/prebeam/scout/depth32_seed0,reverse_ordered_sweep_seed101,0.75,128,2,,,,
results/prebeam/scout/depth32_seed0,reverse_ordered_sweep_seed101,0.75,256,16,20.0,60.0,,
results/prebeam/scout/depth32_seed0,sync,0.1,128,31,14.0,30.0,46.0,54.0
results/prebeam/scout/depth32_seed0,sync,0.1,256,31,14.0,28.0,44.0,54.0
results/prebeam/scout/depth32_seed0,sync,0.25,128,31,18.0,34.0,52.0,60.0
results/prebeam/scout/depth32_seed0,sync,0.25,256,31,16.0,32.0,50.0,60.0
results/prebeam/scout/depth32_seed0,sync,0.5,128,15,24.0,,,
results/prebeam/scout/depth32_seed0,sync,0.5,256,24,18.0,38.0,64.0,
results/prebeam/scout/depth32_seed0,sync,0.75,128,2,,,,
results/prebeam/scout/depth32_seed0,sync,0.75,256,15,22.0,,,
